ID,ชนิด,รหัสสินค้า,ชื่อ,เผยแพร่แล้ว,เป็นรายการเด่นหรือไม่,การมองเห็นในแค็ตตาล็อก,คำอธิบายแบบย่อ,รายละเอียด,วันเริ่มต้นลดราคา,วันสิ้นสุดการลดราคา,สถานะภาษี,กลุ่มภาษี,มีสินค้าในคลังสินค้า?,คลังสินค้า,สินค้าคงคลังเหลือน้อย,อนุญาตให้จองสินค้าหรือไม่,จำกัดการขายแค่ 1 ชิ้นหรือไม่?,น้ำหนัก (กก.),ยาว (มิลลิเมตร),กว้าง (มิลลิเมตร),สูง (มิลลิเมตร),เปิดให้ผู้ใช้รีวิวสินค้า?,บันทึกในการสั่งซื้อ,ราคาที่ลด,ราคาปกติ,หมวดหมู่,ป้ายกำกับ,ประเภทการจัดส่ง,ไฟล์รูปภาพ,ลิมิตจำนวนดาวน์โหลด,วันหมดอายุดาวน์โหลด,หลัก,สินค้ากลุ่ม,Up-sells,Cross-sells,URL ภายนอก,ข้อความของปุ่ม,ตำแหน่ง,ชื่อคุณสมบัติ 1,ค่าคุณสมบัติ 1 ,คุณสมบัติภายนอกที่เห็นได้ 1,คุณสมบัติทั่วไป 1,Meta : _wp_page_template,Meta : woodmart_sguide_select,Meta : _woodmart_whb_header,Meta : _woodmart_product_design,Meta : _woodmart_single_product_style,Meta : _woodmart_thums_position,Meta : _woodmart_extra_position,Meta : _woodmart_main_layout,Meta : _woodmart_sidebar_width,Meta : _woodmart_custom_sidebar,Meta : product_table,Meta : eng_name,Meta : BT Type,Meta : MTA Type,Meta : L,Meta : C,Meta : Morse Taper,Meta : Inside MT,Meta : Outside MT,Meta : Clamping Range,Meta : D,Meta : NT Type,Meta : JT Type,Meta : H,Meta : Drawbar Thread,Meta : type,Meta : brand,Meta : model,Meta : Shank,Meta : Drill Chuck Type,Meta : Capacity,Meta : Taper Mount,Meta : _yoast_wpseo_title,Meta : _yoast_wpseo_metadesc,Meta : _yoast_wpseo_estimated-reading-time-minutes,Meta : _yoast_wpseo_wordproof_timestamp,Meta : woodmart_price_unit_of_measure,Meta : woodmart_total_stock_quantity,Meta : _max_price_for_range,Meta : _max_sale_price_for_range,Meta : _product_360_image_gallery,Meta : _woodmart_new_label,Meta : _woodmart_new_label_date,Meta : _woodmart_swatches_attribute,Meta : _woodmart_related_off,Meta : _woodmart_exclude_show_single_variation,Meta : _woodmart_product_video,Meta : _woodmart_product_hashtag,Meta : _woodmart_extra_content,Meta : _woodmart_product-background,Meta : _woodmart_hide_tabs_titles,Meta : _woodmart_product_custom_tab_title,Meta : _woodmart_product_custom_tab_content_type,Meta : _woodmart_product_custom_tab_content,Meta : _woodmart_product_custom_tab_html_block,Meta : _woodmart_product_custom_tab_title_2,Meta : _woodmart_product_custom_tab_content_type_2,Meta : _woodmart_product_custom_tab_content_2,Meta : _woodmart_product_custom_tab_html_block_2,Meta : _yoast_wpseo_primary_product_cat
51043,simple,07BT30-APU13-100,BT Drill Chuck BT30 1-13mm,1,0,visible,หัวจับสว่านด้าม BT รุ่น APU หัวจับสว่านติดกับด้าม BT เป็นชิ้นเดียว สำหรับงานหนัก และ การเปิดความเร็วรอบสูง\n,,,,taxable,,0,,,0,0,0.0,,,,1,,,5300.0,"อุปกรณ์จับทูล > หัวจับดอกสว่าน, อุปกรณ์จับทูล","DG02, hide",,,,,,,,,,,0,Brand,Ann Way,1,1,default,none,none,inherit,inherit,inherit,after,default,default,none,1.0,BT Drill Chuck,,,104.5,,,,,Ø1-13,51.5,,,,,,Ann Way,07BT30-APU13-100,,,,,,,,,,,,,,,,,,,,,,,,,,,,,,,,
51044,simple,07BT40-APU16-130,BT Drill Chuck BT40 3-16mm,1,0,visible,หัวจับสว่านด้าม BT รุ่น APU หัวจับสว่านติดกับด้าม BT เป็นชิ้นเดียว สำหรับงานหนัก และ การเปิดความเร็วรอบสูง\n,,,,taxable,,0,,,0,0,0.0,,,,1,,,5700.0,"อุปกรณ์จับทูล > หัวจับดอกสว่าน, อุปกรณ์จับทูล","DG02, hide",,,,,,,,,,,0,Brand,Ann Way,1,1,default,none,none,inherit,inherit,inherit,after,default,default,none,2.0,BT Drill Chuck,,,130.0,,,,,Ø3-16,58.0,,,,,,Ann Way,07BT40-APU16-130,,,,,,,,,,,,,,,,,,,,,,,,,,,,,,,,
51045,simple,07BT50-APU13-120,BT Drill Chuck BT50 1-13mm,1,0,visible,หัวจับสว่านด้าม BT รุ่น APU หัวจับสว่านติดกับด้าม BT เป็นชิ้นเดียว สำหรับงานหนัก และ การเปิดความเร็วรอบสูง\n,,,,taxable,,0,,,0,0,0.0,,,,1,,,9700.0,"อุปกรณ์จับทูล > หัวจับดอกสว่าน, อุปกรณ์จับทูล","DG02, hide",,,,,,,,,,,0,Brand,Ann Way,1,1,default,none,none,inherit,inherit,inherit,after,default,default,none,3.0,BT Drill Chuck,,,120.0,,,,,Ø1-13,51.5,,,,,,Ann Way,07BT50-APU13-120,,,,,,,,,,,,,,,,,,,,,,,,,,,,,,,,
51046,simple,07BT50-JTA6-45,Drill Chuck Holder BT50 JT6 L45,1,0,visible,"ด้าม BT ต่อหัวจับสว่าน สำหรับหัวจับสว่านอแด็ปเตอร์ JT, สำหรับต่อเข้ากับเทเปอร์เครื่องรุ่น BT30 , BT40 , BT50\n",,,,taxable,,0,,,0,0,0.0,,,,1,,,4900.0,"อุปกรณ์จับทูล > หัวจับดอกสว่าน, อุปกรณ์จับทูล","DG02, hide",,,,,,,,,,,0,Brand,Ann Way,1,1,default,none,none,inherit,inherit,inherit,after,default,default,none,1.0,BT Drill Chuck Holder,BT50,,45.0,,,,,,30.0,,JT6,4.0,,,Ann Way,07BT50-JTA6-45,,,,,,,,,,,,,,,,,,,,,,,,,,,,,,,,
51047,simple,07C20-JT2,Drill Chuck Holder C20 JT2,1,0,visible,"ด้ามต่อหัวจับสว่าน สำหรับหัวจับสว่านรุ่น JT (Jacob Taper) สามารถเลือกด้ามได้ 3 รุ่น ได้แก่ ด้าม MT, ด้ามตรง, ด้าม R8.\n",,,,taxable,,0,,,0,0,0.0,,,,1,,,420.0,"อุปกรณ์จับทูล > หัวจับดอกสว่าน, อุปกรณ์จับทูล","DG02, hide",,,,,,,,,,,0,Brand,SRT,1,1,default,none,none,inherit,inherit,inherit,after,default,default,none,5.0,Drill Chuck Holder,,,,,,,,,,,,,,Straight,SRT,07C20-JT2,Ø20,JT2,,,,,,,,,,,,,,,,,,,,,,,,,,,,,,
51048,simple,07MTA2-JT6,Drill Chuck Holder MTA2 x JT6,1,0,visible,"ด้ามต่อหัวจับสว่าน สำหรับหัวจับสว่านรุ่น JT (Jacob Taper) สามารถเลือกด้ามได้ 3 รุ่น ได้แก่ ด้าม MT, ด้ามตรง, ด้าม R8.\n",,,,taxable,,0,,,0,0,0.0,,,,1,,,215.0,"อุปกรณ์จับทูล > หัวจับดอกสว่าน, อุปกรณ์จับทูล","DG02, hide",,,,,,,,,,,0,Brand,SRT,1,1,default,none,none,inherit,inherit,inherit,after,default,default,none,1.0,Drill Chuck Holder,,,,,,,,,,,,,,Morse Taper,SRT,07MTA2-JT6,MTA2,JT6,,,,,,,,,,,,,,,,,,,,,,,,,,,,,,
51049,simple,07MTA3-JT6,Drill Chuck Holder MTA3 x JT6,1,0,visible,"ด้ามต่อหัวจับสว่าน สำหรับหัวจับสว่านรุ่น JT (Jacob Taper) สามารถเลือกด้ามได้ 3 รุ่น ได้แก่ ด้าม MT, ด้ามตรง, ด้าม R8.\n",,,,taxable,,0,,,0,0,0.0,,,,1,,,295.0,"อุปกรณ์จับทูล > หัวจับดอกสว่าน, อุปกรณ์จับทูล","DG02, hide",,,,,,,,,,,0,Brand,SRT,1,1,default,none,none,inherit,inherit,inherit,after,default,default,none,2.0,Drill Chuck Holder,,,,,,,,,,,,,,Morse Taper,SRT,07MTA3-JT6,MTA3,JT6,,,,,,,,,,,,,,,,,,,,,,,,,,,,,,
51050,simple,07MTA4-JT6,Drill Chuck Holder MTA4 x JT6,1,0,visible,"ด้ามต่อหัวจับสว่าน สำหรับหัวจับสว่านรุ่น JT (Jacob Taper) สามารถเลือกด้ามได้ 3 รุ่น ได้แก่ ด้าม MT, ด้ามตรง, ด้าม R8.\n",,,,taxable,,0,,,0,0,0.0,,,,1,,,549.0,"อุปกรณ์จับทูล > หัวจับดอกสว่าน, อุปกรณ์จับทูล","DG02, hide",,,,,,,,,,,0,Brand,SRT,1,1,default,none,none,inherit,inherit,inherit,after,default,default,none,3.0,Drill Chuck Holder,,,,,,,,,,,,,,Morse Taper,SRT,07MTA4-JT6,MTA4,JT6,,,,,,,,,,,,,,,,,,,,,,,,,,,,,,
51051,simple,07MTA5-JT6,Drill Chuck Holder MTA5 x JT6,1,0,visible,"ด้ามต่อหัวจับสว่าน สำหรับหัวจับสว่านรุ่น JT (Jacob Taper) สามารถเลือกด้ามได้ 3 รุ่น ได้แก่ ด้าม MT, ด้ามตรง, ด้าม R8.\n",,,,taxable,,0,,,0,0,0.0,,,,1,,,1163.0,"อุปกรณ์จับทูล > หัวจับดอกสว่าน, อุปกรณ์จับทูล","DG02, hide",,,,,,,,,,,0,Brand,SRT,1,1,default,none,none,inherit,inherit,inherit,after,default,default,none,4.0,Drill Chuck Holder,,,,,,,,,,,,,,Morse Taper,SRT,07MTA5-JT6,MTA5,JT6,,,,,,,,,,,,,,,,,,,,,,,,,,,,,,
51052,simple,07NT40-JTA6,Drill Chuck Holder NT40-JT6 M16,1,0,visible,"ด้าม NT ต่อหัวจับสว่าน สำหรับหัวจับสว่านอแด็ปเตอร์ JT, สำหรับต่อเข้ากับเทเปอร์เครื่องรุ่น NT30, NT40 , NT50\n",,,,taxable,,0,,,0,0,0.0,,,,1,,,2400.0,"อุปกรณ์จับทูล > หัวจับดอกสว่าน, อุปกรณ์จับทูล","DG02, hide",,,,,,,,,,,0,Brand,Ann Way,1,1,default,none,none,inherit,inherit,inherit,after,default,default,none,1.0,NT Drill Chuck Holder,,,,17.17,,,,,,NT40,JT6,26.0,M16 x 2.0,,Ann Way,07NT40-JTA6,,,,,,,,,,,,,,,,,,,,,,,,,,,,,,,,
51053,simple,07NT50-JTA6,Drill Chuck Holder NT50-JT6 M24,1,0,visible,"ด้าม NT ต่อหัวจับสว่าน สำหรับหัวจับสว่านอแด็ปเตอร์ JT, สำหรับต่อเข้ากับเทเปอร์เครื่องรุ่น NT30, NT40 , NT50\n",,,,taxable,,0,,,0,0,0.0,,,,1,,,3150.0,"อุปกรณ์จับทูล > หัวจับดอกสว่าน, อุปกรณ์จับทูล","DG02, hide",,,,,,,,,,,0,Brand,Ann Way,1,1,default,none,none,inherit,inherit,inherit,after,default,default,none,2.0,NT Drill Chuck Holder,,,,17.17,,,,,,NT50,JT6,26.0,M24 x 3.0,,Ann Way,07NT50-JTA6,,,,,,,,,,,,,,,,,,,,,,,,,,,,,,,,
51054,simple,07R8-JT6,Drill Chuck Holder R8-JT6,1,0,visible,"ด้ามต่อหัวจับสว่าน สำหรับหัวจับสว่านรุ่น JT (Jacob Taper) สามารถเลือกด้ามได้ 3 รุ่น ได้แก่ ด้าม MT, ด้ามตรง, ด้าม R8.\n",,,,taxable,,0,,,0,0,0.0,,,,1,,,1990.0,"อุปกรณ์จับทูล > หัวจับดอกสว่าน, อุปกรณ์จับทูล","DG02, hide",,,,,,,,,,,0,Brand,SRT,1,1,default,none,none,inherit,inherit,inherit,after,default,default,none,8.0,Drill Chuck Holder,,,,,,,,,,,,,,R8,SRT,07R8-JT6,R8,JT6,,,,,,,,,,,,,,,,,,,,,,,,,,,,,,
51055,simple,07MTA2-1,Drill Sleeve MT1xMT2,1,0,visible,ปลอกสว่าน ปลอกลดขนาดมอสเทเปอร์ (MT) สำหรับสวมดอกสว่านก้านมอสเทเปอร์ หรือใช้เพิ่มขนาดมอสเทเปอร์\n,,,,taxable,,0,,,0,0,0.0,,,,1,,,398.0,"อุปกรณ์จับทูล > หัวจับดอกสว่าน, อุปกรณ์จับทูล","DG02, hide",,,,,,,,,,,0,Brand,SRT,1,1,default,none,none,inherit,inherit,inherit,after,default,default,none,1.0,Drill Sleeve,,,89.0,,,1.0,2.0,,,,,,,,SRT,07MTA2-1,,,,,,,,,,,,,,,,,,,,,,,,,,,,,,,,
51056,simple,07MTA3-1,Drill Sleeve MT1xMT3,1,0,visible,ปลอกสว่าน ปลอกลดขนาดมอสเทเปอร์ (MT) สำหรับสวมดอกสว่านก้านมอสเทเปอร์ หรือใช้เพิ่มขนาดมอสเทเปอร์\n,,,,taxable,,0,,,0,0,0.0,,,,1,,,502.0,"อุปกรณ์จับทูล > หัวจับดอกสว่าน, อุปกรณ์จับทูล","DG02, hide",,,,,,,,,,,0,Brand,SRT,1,1,default,none,none,inherit,inherit,inherit,after,default,default,none,2.0,Drill Sleeve,,,100.0,,,1.0,3.0,,,,,,,,SRT,07MTA3-1,,,,,,,,,,,,,,,,,,,,,,,,,,,,,,,,
51057,simple,07MTA4-1,Drill Sleeve MT1xMT4,1,0,visible,ปลอกสว่าน ปลอกลดขนาดมอสเทเปอร์ (MT) สำหรับสวมดอกสว่านก้านมอสเทเปอร์ หรือใช้เพิ่มขนาดมอสเทเปอร์\n,,,,taxable,,0,,,0,0,0.0,,,,1,,,637.0,"อุปกรณ์จับทูล > หัวจับดอกสว่าน, อุปกรณ์จับทูล","DG02, hide",,,,,,,,,,,0,Brand,SRT,1,1,default,none,none,inherit,inherit,inherit,after,default,default,none,4.0,Drill Sleeve,,,124.0,,,1.0,4.0,,,,,,,,SRT,07MTA4-1,,,,,,,,,,,,,,,,,,,,,,,,,,,,,,,,
51058,simple,07MTA5-1,Drill Sleeve MT1xMT5,1,0,visible,ปลอกสว่าน ปลอกลดขนาดมอสเทเปอร์ (MT) สำหรับสวมดอกสว่านก้านมอสเทเปอร์ หรือใช้เพิ่มขนาดมอสเทเปอร์\n,,,,taxable,,0,,,0,0,0.0,,,,1,,,1330.0,"อุปกรณ์จับทูล > หัวจับดอกสว่าน, อุปกรณ์จับทูล","DG02, hide",,,,,,,,,,,0,Brand,SRT,1,1,default,none,none,inherit,inherit,inherit,after,default,default,none,7.0,Drill Sleeve,,,156.0,,,1.0,5.0,,,,,,,,SRT,07MTA5-1,,,,,,,,,,,,,,,,,,,,,,,,,,,,,,,,
51059,simple,07MTA3-2,Drill Sleeve MT2xMT3,1,0,visible,ปลอกสว่าน ปลอกลดขนาดมอสเทเปอร์ (MT) สำหรับสวมดอกสว่านก้านมอสเทเปอร์ หรือใช้เพิ่มขนาดมอสเทเปอร์\n,,,,taxable,,0,,,0,0,0.0,,,,1,,,454.0,"อุปกรณ์จับทูล > หัวจับดอกสว่าน, อุปกรณ์จับทูล","DG02, hide",,,,,,,,,,,0,Brand,SRT,1,1,default,none,none,inherit,inherit,inherit,after,default,default,none,3.0,Drill Sleeve,,,112.0,,,2.0,3.0,,,,,,,,SRT,07MTA3-2,,,,,,,,,,,,,,,,,,,,,,,,,,,,,,,,
51060,simple,07MTA4-2,Drill Sleeve MT2xMT4,1,0,visible,ปลอกสว่าน ปลอกลดขนาดมอสเทเปอร์ (MT) สำหรับสวมดอกสว่านก้านมอสเทเปอร์ หรือใช้เพิ่มขนาดมอสเทเปอร์\n,,,,taxable,,0,,,0,0,0.0,,,,1,,,637.0,"อุปกรณ์จับทูล > หัวจับดอกสว่าน, อุปกรณ์จับทูล","DG02, hide",,,,,,,,,,,0,Brand,SRT,1,1,default,none,none,inherit,inherit,inherit,after,default,default,none,5.0,Drill Sleeve,,,124.0,,,2.0,4.0,,,,,,,,SRT,07MTA4-2,,,,,,,,,,,,,,,,,,,,,,,,,,,,,,,,
51061,simple,07MTA5-2,Drill Sleeve MT2xMT5,1,0,visible,ปลอกสว่าน ปลอกลดขนาดมอสเทเปอร์ (MT) สำหรับสวมดอกสว่านก้านมอสเทเปอร์ หรือใช้เพิ่มขนาดมอสเทเปอร์\n,,,,taxable,,0,,,0,0,0.0,,,,1,,,1226.0,"อุปกรณ์จับทูล > หัวจับดอกสว่าน, อุปกรณ์จับทูล","DG02, hide",,,,,,,,,,,0,Brand,SRT,1,1,default,none,none,inherit,inherit,inherit,after,default,default,none,8.0,Drill Sleeve,,,156.0,,,2.0,5.0,,,,,,,,SRT,07MTA5-2,,,,,,,,,,,,,,,,,,,,,,,,,,,,,,,,
51062,simple,07MTA4-3,Drill Sleeve MT3xMT4,1,0,visible,ปลอกสว่าน ปลอกลดขนาดมอสเทเปอร์ (MT) สำหรับสวมดอกสว่านก้านมอสเทเปอร์ หรือใช้เพิ่มขนาดมอสเทเปอร์\n,,,,taxable,,0,,,0,0,0.0,,,,1,,,581.0,"อุปกรณ์จับทูล > หัวจับดอกสว่าน, อุปกรณ์จับทูล","DG02, hide",,,,,,,,,,,0,Brand,SRT,1,1,default,none,none,inherit,inherit,inherit,after,default,default,none,6.0,Drill Sleeve,,,140.0,,,3.0,4.0,,,,,,,,SRT,07MTA4-3,,,,,,,,,,,,,,,,,,,,,,,,,,,,,,,,
51063,simple,07MTA5-3,Drill Sleeve MT3xMT5,1,0,visible,ปลอกสว่าน ปลอกลดขนาดมอสเทเปอร์ (MT) สำหรับสวมดอกสว่านก้านมอสเทเปอร์ หรือใช้เพิ่มขนาดมอสเทเปอร์\n,,,,taxable,,0,,,0,0,0.0,,,,1,,,1186.0,"อุปกรณ์จับทูล > หัวจับดอกสว่าน, อุปกรณ์จับทูล","DG02, hide",,,,,,,,,,,0,Brand,SRT,1,1,default,none,none,inherit,inherit,inherit,after,default,default,none,9.0,Drill Sleeve,,,156.0,,,3.0,5.0,,,,,,,,SRT,07MTA5-3,,,,,,,,,,,,,,,,,,,,,,,,,,,,,,,,
51064,simple,07MTA5-4,Drill Sleeve MT4xMT5,1,0,visible,ปลอกสว่าน ปลอกลดขนาดมอสเทเปอร์ (MT) สำหรับสวมดอกสว่านก้านมอสเทเปอร์ หรือใช้เพิ่มขนาดมอสเทเปอร์\n,,,,taxable,,0,,,0,0,0.0,,,,1,,,1186.0,"อุปกรณ์จับทูล > หัวจับดอกสว่าน, อุปกรณ์จับทูล","DG02, hide",,,,,,,,,,,0,Brand,SRT,1,1,default,none,none,inherit,inherit,inherit,after,default,default,none,10.0,Drill Sleeve,,,167.0,,,4.0,5.0,,,,,,,,SRT,07MTA5-4,,,,,,,,,,,,,,,,,,,,,,,,,,,,,,,,
51065,simple,07MTA6-4,Drill Sleeve MT4xMT6,1,0,visible,ปลอกสว่าน ปลอกลดขนาดมอสเทเปอร์ (MT) สำหรับสวมดอกสว่านก้านมอสเทเปอร์ หรือใช้เพิ่มขนาดมอสเทเปอร์\n,,,,taxable,,0,,,0,0,0.0,,,,1,,,4212.0,"อุปกรณ์จับทูล > หัวจับดอกสว่าน, อุปกรณ์จับทูล","DG02, hide",,,,,,,,,,,0,Brand,SRT,1,1,default,none,none,inherit,inherit,inherit,after,default,default,none,11.0,Drill Sleeve,,,220.0,,,4.0,6.0,,,,,,,,SRT,07MTA6-4,,,,,,,,,,,,,,,,,,,,,,,,,,,,,,,,
51066,simple,07MTA6-5,Drill Sleeve MT5xMT6,1,0,visible,ปลอกสว่าน ปลอกลดขนาดมอสเทเปอร์ (MT) สำหรับสวมดอกสว่านก้านมอสเทเปอร์ หรือใช้เพิ่มขนาดมอสเทเปอร์\n,,,,taxable,,0,,,0,0,0.0,,,,1,,,4212.0,"อุปกรณ์จับทูล > หัวจับดอกสว่าน, อุปกรณ์จับทูล","DG02, hide",,,,,,,,,,,0,Brand,SRT,1,1,default,none,none,inherit,inherit,inherit,after,default,default,none,12.0,Drill Sleeve,,,224.0,,,5.0,6.0,,,,,,,,SRT,07MTA6-5,,,,,,,,,,,,,,,,,,,,,,,,,,,,,,,,
51158,simple,07CP-12303JT2,Keyless Drill Chuck 0-10mm JT2,1,0,visible,หัวจับสว่านรุ่น Keyless Drill Chuck รุ่นเปลี่ยนเร็วใช้มือหมุน\n,,,,taxable,,0,,,0,0,0.0,,,,1,,,1700.0,"อุปกรณ์จับทูล > หัวจับดอกสว่าน, อุปกรณ์จับทูล","DG02, hide",,,,,,,,,,,0,Brand,Ann Way,1,1,default,none,none,inherit,inherit,inherit,after,default,default,none,3.0,Keyless Drill Chuck,,,,,,,,,,,,,,,Ann Way,07CP-12303JT2,,,0.3-10mm,JT2,,,,,,,,,,,,,,,,,,,,,,,,,,,,
51159,simple,07CP-12301JT1,Keyless Drill Chuck 0-6mm JT1,1,0,visible,หัวจับสว่านรุ่น Keyless Drill Chuck รุ่นเปลี่ยนเร็วใช้มือหมุน\n,,,,taxable,,0,,,0,0,0.0,,,,1,,,2250.0,"อุปกรณ์จับทูล > หัวจับดอกสว่าน, อุปกรณ์จับทูล","DG02, hide",,,,,,,,,,,0,Brand,Ann Way,1,1,default,none,none,inherit,inherit,inherit,after,default,default,none,1.0,Keyless Drill Chuck,,,,,,,,,,,,,,,Ann Way,07CP-12301JT1,,,0.3-6mm,JT1,,,,,,,,,,,,,,,,,,,,,,,,,,,,
51160,simple,07CP-12302JT1,Keyless Drill Chuck 0-8mm JT1,1,0,visible,หัวจับสว่านรุ่น Keyless Drill Chuck รุ่นเปลี่ยนเร็วใช้มือหมุน\n,,,,taxable,,0,,,0,0,0.0,,,,1,,,1600.0,"อุปกรณ์จับทูล > หัวจับดอกสว่าน, อุปกรณ์จับทูล","DG02, hide",,,,,,,,,,,0,Brand,Ann Way,1,1,default,none,none,inherit,inherit,inherit,after,default,default,none,2.0,Keyless Drill Chuck,,,,,,,,,,,,,,,Ann Way,07CP-12302JT1,,,0.3-8mm,JT1,,,,,,,,,,,,,,,,,,,,,,,,,,,,
51161,simple,07BT40-MTA2-45,Morse Taper Holder BT40 MTA2 L145,1,0,visible,ด้าม BT ต่อหัวจับสว่านก้านเทเปอร์ MT\n,,,,taxable,,0,,,0,0,0.0,,,,1,,,3700.0,"อุปกรณ์จับทูล > หัวจับดอกสว่าน, อุปกรณ์จับทูล","DG02, hide",,,,,,,,,,,0,Brand,Ann Way,1,1,default,none,none,inherit,inherit,inherit,after,default,default,none,1.0,BT-MT Holder,BT40,MTA2,45.0,32.0,,,,,,,,,,,Ann Way,07BT40-MTA2-45,,,,,,,,,,,,,,,,,,,,,,,,,,,,,,,,
51162,simple,07BT40-MTA3-75,Morse Taper Holder BT40 MTA3 L75,1,0,visible,ด้าม BT ต่อหัวจับสว่านก้านเทเปอร์ MT\n,,,,taxable,,0,,,0,0,0.0,,,,1,,,4890.0,"อุปกรณ์จับทูล > หัวจับดอกสว่าน, อุปกรณ์จับทูล","DG02, hide",,,,,,,,,,,0,Brand,Ann Way,1,1,default,none,none,inherit,inherit,inherit,after,default,default,none,2.0,BT-MT Holder,BT40,MTA3,75.0,40.0,,,,,,,,,,,Ann Way,07BT40-MTA3-75,,,,,,,,,,,,,,,,,,,,,,,,,,,,,,,,
51163,simple,07BT40-MTA4-90,Morse Taper Holder BT40 MTA4 L90,1,0,visible,ด้าม BT ต่อหัวจับสว่านก้านเทเปอร์ MT\n,,,,taxable,,0,,,0,0,0.0,,,,1,,,3800.0,"อุปกรณ์จับทูล > หัวจับดอกสว่าน, อุปกรณ์จับทูล","DG02, hide",,,,,,,,,,,0,Brand,Ann Way,1,1,default,none,none,inherit,inherit,inherit,after,default,default,none,3.0,BT-MT Holder,BT40,MTA4,90.0,50.0,,,,,,,,,,,Ann Way,07BT40-MTA4-90,,,,,,,,,,,,,,,,,,,,,,,,,,,,,,,,
51164,simple,07BT50-MTA4-95,Morse Taper Holder BT50 MTA4 L95,1,0,visible,ด้าม BT ต่อหัวจับสว่านก้านเทเปอร์ MT\n,,,,taxable,,0,,,0,0,0.0,,,,1,,,5600.0,"อุปกรณ์จับทูล > หัวจับดอกสว่าน, อุปกรณ์จับทูล","DG02, hide",,,,,,,,,,,0,Brand,Ann Way,1,1,default,none,none,inherit,inherit,inherit,after,default,default,none,4.0,BT-MT Holder,BT50,MTA4,95.0,50.0,,,,,,,,,,,Ann Way,07BT50-MTA4-95,,,,,,,,,,,,,,,,,,,,,,,,,,,,,,,,
51172,simple,07C25-JT6,Straight Shank Drill Chuck Holder C25 x JT6,1,0,visible,"ด้ามต่อหัวจับสว่าน สำหรับหัวจับสว่านรุ่น JT (Jacob Taper) สามารถเลือกด้ามได้ 3 รุ่น ได้แก่ ด้าม MT, ด้ามตรง, ด้าม R8.\n",,,,taxable,,0,,,0,0,0.0,,,,1,,,287.0,"อุปกรณ์จับทูล > หัวจับดอกสว่าน, อุปกรณ์จับทูล","DG02, hide",,,,,,,,,,,0,Brand,SRT,1,1,default,none,none,inherit,inherit,inherit,after,default,default,none,6.0,Drill Chuck Holder,,,,,,,,,,,,,,Straight,SRT,07C25-JT6,Ø25,JT6,,,,,,,,,,,,,,,,,,,,,,,,,,,,,,
51173,simple,07C32-JT6,Straight Shank Drill Chuck Holder C32 x JT6,1,0,visible,"ด้ามต่อหัวจับสว่าน สำหรับหัวจับสว่านรุ่น JT (Jacob Taper) สามารถเลือกด้ามได้ 3 รุ่น ได้แก่ ด้าม MT, ด้ามตรง, ด้าม R8.\n",,,,taxable,,0,,,0,0,0.0,,,,1,,,326.0,"อุปกรณ์จับทูล > หัวจับดอกสว่าน, อุปกรณ์จับทูล","DG02, hide",,,,,,,,,,,0,Brand,SRT,1,1,default,none,none,inherit,inherit,inherit,after,default,default,none,7.0,Drill Chuck Holder,,,,,,,,,,,,,,Straight,SRT,07C32-JT6,Ø32,JT6,,,,,,,,,,,,,,,,,,,,,,,,,,,,,,
51174,simple,07C20-MTA2,Straight Shank Morse Taper Holder C20 MTA2,1,0,visible,ปลอกตรงเป็น MT ปลอกอแด็ปเตอร์แปลงมอสเทเปอร์เป็นก้านตรง\n,,,,taxable,,0,,,0,0,0.0,,,,1,,,526.0,"อุปกรณ์จับทูล > หัวจับดอกสว่าน, อุปกรณ์จับทูล","DG02, hide",,,,,,,,,,,0,Brand,Ann Way,1,1,default,none,none,inherit,inherit,inherit,after,default,default,none,1.0,Straight Shank MT Adaptor,,,,20.0,MT2,,,,,,,,,,Ann Way,07C20-MTA2,,,,,,,,,,,,,,,,,,,,,,,,,,,,,,,,
51175,simple,07C25-MTA1,Straight Shank Morse Taper Holder C25 MTA1,1,0,visible,ปลอกตรงเป็น MT ปลอกอแด็ปเตอร์แปลงมอสเทเปอร์เป็นก้านตรง\n,,,,taxable,,0,,,0,0,0.0,,,,1,,,621.0,"อุปกรณ์จับทูล > หัวจับดอกสว่าน, อุปกรณ์จับทูล","DG02, hide",,,,,,,,,,,0,Brand,Ann Way,1,1,default,none,none,inherit,inherit,inherit,after,default,default,none,2.0,Straight Shank MT Adaptor,,,,25.0,MT1,,,,,,,,,,Ann Way,07C25-MTA1,,,,,,,,,,,,,,,,,,,,,,,,,,,,,,,,
51176,simple,07C25-MTA2,Straight Shank Morse Taper Holder C25 MTA2,1,0,visible,ปลอกตรงเป็น MT ปลอกอแด็ปเตอร์แปลงมอสเทเปอร์เป็นก้านตรง\n,,,,taxable,,0,,,0,0,0.0,,,,1,,,637.0,"อุปกรณ์จับทูล > หัวจับดอกสว่าน, อุปกรณ์จับทูล","DG02, hide",,,,,,,,,,,0,Brand,Ann Way,1,1,default,none,none,inherit,inherit,inherit,after,default,default,none,3.0,Straight Shank MT Adaptor,,,,25.0,MT2,,,,,,,,,,Ann Way,07C25-MTA2,,,,,,,,,,,,,,,,,,,,,,,,,,,,,,,,
51177,simple,07C25-MTA3,Straight Shank Morse Taper Holder C25 MTA3,1,0,visible,ปลอกตรงเป็น MT ปลอกอแด็ปเตอร์แปลงมอสเทเปอร์เป็นก้านตรง\n,,,,taxable,,0,,,0,0,0.0,,,,1,,,637.0,"อุปกรณ์จับทูล > หัวจับดอกสว่าน, อุปกรณ์จับทูล","DG02, hide",,,,,,,,,,,0,Brand,Ann Way,1,1,default,none,none,inherit,inherit,inherit,after,default,default,none,4.0,Straight Shank MT Adaptor,,,,25.0,MT3,,,,,,,,,,Ann Way,07C25-MTA3,,,,,,,,,,,,,,,,,,,,,,,,,,,,,,,,
51178,simple,07C32-MTA1,Straight Shank Morse Taper Holder C32 MTA1,1,0,visible,ปลอกตรงเป็น MT ปลอกอแด็ปเตอร์แปลงมอสเทเปอร์เป็นก้านตรง\n,,,,taxable,,0,,,0,0,0.0,,,,1,,,788.0,"อุปกรณ์จับทูล > หัวจับดอกสว่าน, อุปกรณ์จับทูล","DG02, hide",,,,,,,,,,,0,Brand,Ann Way,1,1,default,none,none,inherit,inherit,inherit,after,default,default,none,5.0,Straight Shank MT Adaptor,,,,32.0,MT1,,,,,,,,,,Ann Way,07C32-MTA1,,,,,,,,,,,,,,,,,,,,,,,,,,,,,,,,
51179,simple,07C32-MTA2,Straight Shank Morse Taper Holder C32 MTA2,1,0,visible,ปลอกตรงเป็น MT ปลอกอแด็ปเตอร์แปลงมอสเทเปอร์เป็นก้านตรง\n,,,,taxable,,0,,,0,0,0.0,,,,1,,,788.0,"อุปกรณ์จับทูล > หัวจับดอกสว่าน, อุปกรณ์จับทูล","DG02, hide",,,,,,,,,,,0,Brand,Ann Way,1,1,default,none,none,inherit,inherit,inherit,after,default,default,none,6.0,Straight Shank MT Adaptor,,,,32.0,MT2,,,,,,,,,,Ann Way,07C32-MTA2,,,,,,,,,,,,,,,,,,,,,,,,,,,,,,,,
51180,simple,07C32-MTA3,Straight Shank Morse Taper Holder C32 MTA3,1,0,visible,ปลอกตรงเป็น MT ปลอกอแด็ปเตอร์แปลงมอสเทเปอร์เป็นก้านตรง\n,,,,taxable,,0,,,0,0,0.0,,,,1,,,717.0,"อุปกรณ์จับทูล > หัวจับดอกสว่าน, อุปกรณ์จับทูล","DG02, hide",,,,,,,,,,,0,Brand,Ann Way,1,1,default,none,none,inherit,inherit,inherit,after,default,default,none,7.0,Straight Shank MT Adaptor,,,,32.0,MT3,,,,,,,,,,Ann Way,07C32-MTA3,,,,,,,,,,,,,,,,,,,,,,,,,,,,,,,,
51181,simple,07C32-MTA4,Straight Shank Morse Taper Holder C32 MTA4,1,0,visible,ปลอกตรงเป็น MT ปลอกอแด็ปเตอร์แปลงมอสเทเปอร์เป็นก้านตรง\n,,,,taxable,,0,,,0,0,0.0,,,,1,,,788.0,"อุปกรณ์จับทูล > หัวจับดอกสว่าน, อุปกรณ์จับทูล","DG02, hide",,,,,,,,,,,0,Brand,Ann Way,1,1,default,none,none,inherit,inherit,inherit,after,default,default,none,8.0,Straight Shank MT Adaptor,,,,32.0,MT4,,,,,,,,,,Ann Way,07C32-MTA4,,,,,,,,,,,,,,,,,,,,,,,,,,,,,,,,
51182,simple,07C42-MTA1,Straight Shank Morse Taper Holder C42 MTA1,1,0,visible,ปลอกตรงเป็น MT ปลอกอแด็ปเตอร์แปลงมอสเทเปอร์เป็นก้านตรง\n,,,,taxable,,0,,,0,0,0.0,,,,1,,,860.0,"อุปกรณ์จับทูล > หัวจับดอกสว่าน, อุปกรณ์จับทูล","DG02, hide",,,,,,,,,,,0,Brand,Ann Way,1,1,default,none,none,inherit,inherit,inherit,after,default,default,none,9.0,Straight Shank MT Adaptor,,,,42.0,MT1,,,,,,,,,,Ann Way,07C42-MTA1,,,,,,,,,,,,,,,,,,,,,,,,,,,,,,,,
51183,simple,07C42-MTA2,Straight Shank Morse Taper Holder C42 MTA2,1,0,visible,ปลอกตรงเป็น MT ปลอกอแด็ปเตอร์แปลงมอสเทเปอร์เป็นก้านตรง\n,,,,taxable,,0,,,0,0,0.0,,,,1,,,860.0,"อุปกรณ์จับทูล > หัวจับดอกสว่าน, อุปกรณ์จับทูล","DG02, hide",,,,,,,,,,,0,Brand,Ann Way,1,1,default,none,none,inherit,inherit,inherit,after,default,default,none,10.0,Straight Shank MT Adaptor,,,,42.0,MT2,,,,,,,,,,Ann Way,07C42-MTA2,,,,,,,,,,,,,,,,,,,,,,,,,,,,,,,,
51184,simple,07C42-MTA3,Straight Shank Morse Taper Holder C42 MTA3,1,0,visible,ปลอกตรงเป็น MT ปลอกอแด็ปเตอร์แปลงมอสเทเปอร์เป็นก้านตรง\n,,,,taxable,,0,,,0,0,0.0,,,,1,,,860.0,"อุปกรณ์จับทูล > หัวจับดอกสว่าน, อุปกรณ์จับทูล","DG02, hide",,,,,,,,,,,0,Brand,Ann Way,1,1,default,none,none,inherit,inherit,inherit,after,default,default,none,11.0,Straight Shank MT Adaptor,,,,42.0,MT3,,,,,,,,,,Ann Way,07C42-MTA3,,,,,,,,,,,,,,,,,,,,,,,,,,,,,,,,
54130,simple,,หัวจับสว่าน เปลี่ยนเร็ว,1,0,visible,หัวจับสว่านรุ่น Keyless Drill Chuck รุ่นเปลี่ยนเร็วใช้มือหมุน,,,,taxable,,1,,,0,0,,,,,0,,,,"อุปกรณ์จับทูล > หัวจับดอกสว่าน, อุปกรณ์จับทูล","DG02, main",,https://sunrise.co.th/wp-content/uploads/2023/08/Keyless-Drill-Chuck_1.jpg,,,,,,,,,0,Brand,Ann Way,1,1,default,none,none,inherit,inherit,inherit,after,default,default,none,,Keyless Drill Chuck,,,,,,,,,,,,,,,Ann Way,,,,,,%%title%% %%sep%% Keyless Drill Chuck รุ่นเปลี่ยนเร็วใช้มือหมุน,หัวจับสว่านรุ่น Keyless Drill Chuck รุ่นเปลี่ยนเร็วใช้มือหมุน,0.0,,,,,,,,,,,,,,,,,รายการสินค้า,text,"[product_table id=""54197""]",,,text,,,73.0
54133,simple,,ด้ามต่อหัวจับสว่าน,1,0,visible,"ด้ามต่อหัวจับสว่าน สำหรับหัวจับสว่านรุ่น JT (Jacob Taper) สามารถเลือกด้ามได้ 3 รุ่น ได้แก่ ด้าม MT, ด้ามตรง, ด้าม R8.\n",,,,taxable,,1,,,0,0,,,,,0,,,,"อุปกรณ์จับทูล > หัวจับดอกสว่าน, อุปกรณ์จับทูล","DG02, main",,,,,,,,,,,0,Brand,SRT,1,1,default,none,none,inherit,inherit,inherit,after,default,default,none,,Drill Chuck Holder,,,,,,,,,,,,,,,SRT,,,,,,%%title%% %%sep%% สำหรับหัวจับสว่านรุ่น JT (Jacob Taper),"Drill Chuck Holder ด้ามต่อหัวจับสว่าน สำหรับหัวจับสว่านรุ่น JT (Jacob Taper) สามารถเลือกด้ามได้ 3 รุ่น ได้แก่ ด้าม MT, ด้ามตรง, ด้าม R8.",0.0,,,,,,,,,,,,,,,,,รายการสินค้า,text,"[product_table id=""54200""]",,,text,,,73.0
54136,simple,,ด้าม BT ต่อหัวจับสว่าน,1,0,visible,"ด้าม BT ต่อหัวจับสว่าน สำหรับหัวจับสว่านอแด็ปเตอร์ JT, สำหรับต่อเข้ากับเทเปอร์เครื่องรุ่น BT50\n",,,,taxable,,1,,,0,0,,,,,0,,,,"อุปกรณ์จับทูล > หัวจับดอกสว่าน, อุปกรณ์จับทูล","DG02, main",,,,,,,,,,,0,Brand,Ann Way,1,1,default,none,none,inherit,inherit,inherit,after,default,default,none,,BT Drill Chuck Holder,,,,,,,,,,,,,,,Ann Way,,,,,,%%title%% %%sep%% สำหรับหัวจับสว่านอแด็ปเตอร์ JT,"BT Drill Chuck Holder ด้าม BT ต่อหัวจับสว่าน สำหรับหัวจับสว่านอแด็ปเตอร์ JT, สำหรับต่อเข้ากับเทเปอร์เครื่องรุ่น BT50",0.0,,,,,,,,,,,,,,,,,รายการสินค้า,text,"[product_table id=""54203""]",,,text,,,73.0
54139,simple,,ด้าม NT ต่อหัวจับสว่าน,1,0,visible,"ด้าม NT ต่อหัวจับสว่าน สำหรับหัวจับสว่านอแด็ปเตอร์ JT, สำหรับต่อเข้ากับเทเปอร์เครื่องรุ่น NT40 , NT50\n",,,,taxable,,1,,,0,0,,,,,0,,,,"อุปกรณ์จับทูล > หัวจับดอกสว่าน, อุปกรณ์จับทูล","DG02, main",,,,,,,,,,,0,Brand,Ann Way,1,1,default,none,none,inherit,inherit,inherit,after,default,default,none,,NT Drill Chuck Holder,,,,,,,,,,,,,,,Ann Way,,,,,,%%title%% %%sep%% สำหรับหัวจับสว่านอแด็ปเตอร์ JT,"NT Drill Chuck Holder ด้าม NT ต่อหัวจับสว่าน สำหรับหัวจับสว่านอแด็ปเตอร์ JT, สำหรับต่อเข้ากับเทเปอร์เครื่องรุ่น NT40 , NT50",0.0,,,,,,,,,,,,,,,,,รายการสินค้า,text,"[product_table id=""54206""]",,,text,,,73.0
54142,simple,,หัวจับสว่านด้าม BT,1,0,visible,หัวจับสว่านด้าม BT รุ่น APU หัวจับสว่านติดกับด้าม BT เป็นชิ้นเดียว สำหรับงานหนัก และ การเปิดความเร็วรอบสูง\n,,,,taxable,,1,,,0,0,,,,,0,,,,"อุปกรณ์จับทูล > หัวจับดอกสว่าน, อุปกรณ์จับทูล","DG02, main",,,,,,,,,,,0,Brand,Ann Way,1,1,default,none,none,inherit,inherit,inherit,after,default,default,none,,BT Drill Chuck,,,,,,,,,,,,,,,Ann Way,,,,,,%%title%% %%sep%% รุ่น APU หัวจับสว่านติดกับด้าม BT เป็นชิ้นเดียว,Drill Chuck หัวจับสว่านด้าม BT รุ่น APU หัวจับสว่านติดกับด้าม BT เป็นชิ้นเดียว สำหรับงานหนัก และ การเปิดความเร็วรอบสูง,0.0,,,,,,,,,,,,,,,,,รายการสินค้า,text,"[product_table id=""54210""]",,,text,,,73.0
54144,simple,,ปลอกสว่าน,1,0,visible,ปลอกสว่าน ปลอกลดขนาดมอสเทเปอร์ (MT) สำหรับสวมดอกสว่านก้านมอสเทเปอร์ หรือใช้เพิ่มขนาดมอสเทเปอร์\n,,,,taxable,,1,,,0,0,,,,,0,,,,"อุปกรณ์จับทูล > หัวจับดอกสว่าน, อุปกรณ์จับทูล","DG02, main",,,,,,,,,,,0,Brand,SRT,1,1,default,none,none,inherit,inherit,inherit,after,default,default,none,,Drill Sleeve,,,,,,,,,,,,,,,SRT,,,,,,%%title%% %%sep%% สวมดอกสว่านก้านมอสเทเปอร์ หรือใช้เพิ่มขนาดมอสเทเปอร์,Drill Sleeve ปลอกสว่าน ปลอกลดขนาดมอสเทเปอร์ (MT) สำหรับสวมดอกสว่านก้านมอสเทเปอร์ หรือใช้เพิ่มขนาดมอสเทเปอร์,0.0,,,,,,,,,,,,,,,,,รายการสินค้า,text,"[product_table id=""54212""]",,,text,,,73.0
54147,simple,,ปลอกตรงเป็น MT,1,0,visible,ปลอกตรงเป็น MT ปลอกอแด็ปเตอร์แปลงมอสเทเปอร์เป็นก้านตรง\n,,,,taxable,,1,,,0,0,,,,,0,,,,"อุปกรณ์จับทูล > หัวจับดอกสว่าน, อุปกรณ์จับทูล","DG02, main",,,,,,,,,,,0,Brand,Ann Way,1,1,default,none,none,inherit,inherit,inherit,after,default,default,none,,Straight Shank MT Adaptor,,,,,,,,,,,,,,,Ann Way,,,,,,%%title%% %%sep%% ปลอกอแด็ปเตอร์แปลงมอสเทเปอร์เป็นก้านตรง,Straight Shank MT Adaptor ปลอกตรงเป็น MT ปลอกอแด็ปเตอร์แปลงมอสเทเปอร์เป็นก้านตรง,0.0,,,,,,,,,,,,,,,,,รายการสินค้า,text,"[product_table id=""54215""]",,,text,,,73.0
54149,simple,,ด้าม BT จับ MT,1,0,visible,ด้าม BT ต่อหัวจับสว่านก้านเทเปอร์ MT\n,,,,taxable,,1,,,0,0,,,,,0,,,,"อุปกรณ์จับทูล > หัวจับดอกสว่าน, อุปกรณ์จับทูล","DG02, main",,,,,,,,,,,0,Brand,Ann Way,1,1,default,none,none,inherit,inherit,inherit,after,default,default,none,,BT-MT Holder,,,,,,,,,,,,,,,Ann Way,,,,,,%%title%% %%sep%% ต่อหัวจับสว่านก้านเทเปอร์ MT,BT-MT Holder ด้าม BT ต่อหัวจับสว่านก้านเทเปอร์ MT,0.0,,,,,,,,,,,,,,,,,รายการสินค้า,text,"[product_table id=""54218""]",,,text,,,73.0
